run_time,system,model,model_assignment,vision_model,task_id,category,agent,success,score,escalated,local_score,latency_s,cloud_calls,cost_usd,eval_cost_usd,eval_tokens,data_kb,iterations_used,tools_called,models_used,critic_passed,score_method,judge_reason
2026-08-25 03:20:39,v2_local,qwen2.5:3b,specialist,qwen2.5vl:3b,A1,A - File/Log Analysis,file_agent,True,0.524,False,,19.74,0,0.0,0.00020985,835,0.0,2,read_file|read_file|write_file,qwen2.5:7b,False,DeepEval GEval (0.524),"The Actual Output identifies issues related to unreliable external services, which aligns with the general theme of the Expected Output. However, it lacks specific details about the ERROR-level log lines, such as the cache service connection failure and the NullPointerException, which are crucial for a complete assessment. The summary does not match the Expected Output in terms of content and clarity, resulting in a moderate score."
2026-08-25 03:20:39,v2_local,qwen2.5:3b,specialist,qwen2.5vl:3b,A2,A - File/Log Analysis,file_agent,True,0.855,False,,8.59,0,0.0,0.0002058,856,0.0,2,read_file|read_file,qwen2.5:7b,False,DeepEval GEval (0.855),"The Actual Output clearly identifies the OutOfMemoryError as the crash point and connects it to rising heap usage, which aligns with the evaluation criteria. It also mentions the issue of leaked database connections, although it could have explicitly stated that these connections were acquired but not returned for full alignment with the Expected Output. Overall, it effectively captures the key elements of the crash's root cause."
2026-08-25 03:20:39,v2_local,qwen2.5:3b,specialist,qwen2.5vl:3b,A3,A - File/Log Analysis,file_agent,False,0.262,False,,25.03,0,0.0,0.00027735,1177,0.0,2,list_files|read_file|list_files|read_file,qwen2.5:7b,False,DeepEval GEval (0.262),"The Actual Output identifies some anomalies, but it fails to include the specific anomalous rows required: 09:15 (cpu_pct 88) and 09:25 (response_ms 940). It only mentions Row 5 (disk_io_mbps 95) and Row 7 (response_ms 940), which is partially correct. Additionally, Row 4 is flagged incorrectly as it does not match any expected anomalies, indicating a lack of accuracy in identifying the correct metrics."
2026-08-25 03:20:39,v2_local,qwen2.5:3b,specialist,qwen2.5vl:3b,A4,A - File/Log Analysis,file_agent,False,0.434,False,,15.39,0,0.0,0.0002316,995,0.0,2,list_files|read_file|list_files|read_file,qwen2.5:7b,False,DeepEval GEval (0.434),"The Actual Output includes relevant events but misses key details such as the NullPointerException in OrderService and the scheduled backup completion. While it summarizes some operationally important events, it does not fully align with the Expected Output, particularly in terms of capturing all specified key events and their details."
2026-08-25 03:20:39,v2_local,qwen2.5:3b,specialist,qwen2.5vl:3b,A5,A - File/Log Analysis,file_agent,False,0.403,False,,71.58,0,0.0,0.00026775,1197,0.0,2,list_files|read_file|write_file|write_file|write_file|write_file|write_file|list_files|read_file|read_file,qwen2.5:7b,False,DeepEval GEval (0.403),"The Actual Output is valid JSON and contains the required 'timestamp' and 'message' fields. However, it is missing key error events such as 'Failed to connect to cache service: Connection refused' and 'Payment processing failed for order_id=9921: Timeout after 30s', which are present in the Expected Output. This results in a significant shortcoming in meeting the requirements."
2026-08-25 03:20:39,v2_local,qwen2.5:3b,specialist,qwen2.5vl:3b,A6,A - File/Log Analysis,file_agent,True,0.574,False,,38.39,0,0.0,0.0003456,1611,0.0,2,list_files|read_file|list_files|read_file,qwen2.5:7b,False,DeepEval GEval (0.574),"The response identifies the CPU spike at 02:30 as a potential anomaly, which contradicts the evaluation step that requires it to be dismissed as benign. While it correctly notes the benign nature of the memory usage and latency spikes during the backup window, it fails to adequately highlight the sustained issues starting from 03:15, which are crucial for identifying the real problem. The expected output's focus on the memory leak trend is not fully aligned with the actual output's analysis."
2026-08-25 03:20:39,v2_local,qwen2.5:3b,specialist,qwen2.5vl:3b,A7,A - File/Log Analysis,file_agent,True,0.746,False,,23.44,0,0.0,0.0002766,1241,0.0,2,list_files|read_file|read_file,qwen2.5:7b,False,DeepEval GEval (0.746),"The response effectively identifies the potential silent failure indicated by the unchanged customer count despite successful ETL job runs. It correctly highlights the discrepancy between the rising record counts and the stagnant dashboard metric, aligning well with the evaluation steps. However, it lacks specific record counts from the ETL jobs in the actual output, which would strengthen the analysis. Overall, it demonstrates a solid understanding of the issue but could benefit from more detai"
2026-08-25 03:20:39,v2_local,qwen2.5:3b,specialist,qwen2.5vl:3b,B1,B - Code Generation,code_agent,True,,False,,5.29,0,0.0,0.0,0,0.0,1,,qwen2.5-coder:7b,True,automated (exec + function defined),
2026-08-25 03:20:39,v2_local,qwen2.5:3b,specialist,qwen2.5vl:3b,B2,B - Code Generation,code_agent,True,,False,,1.9,0,0.0,0.0,0,0.0,1,,qwen2.5-coder:7b,True,"automated (exec ok, no function defined)",
2026-08-25 03:20:39,v2_local,qwen2.5:3b,specialist,qwen2.5vl:3b,B3,B - Code Generation,code_agent,True,,False,,12.86,0,0.0,0.0,0,0.0,2,,qwen2.5-coder:7b,False,automated (exec + function defined),
2026-08-25 03:20:39,v2_local,qwen2.5:3b,specialist,qwen2.5vl:3b,B4,B - Code Generation,code_agent,True,,False,,2.59,0,0.0,0.0,0,0.0,1,,qwen2.5-coder:7b,True,"automated (exec ok, no function defined)",
2026-08-25 03:20:39,v2_local,qwen2.5:3b,specialist,qwen2.5vl:3b,B5,B - Code Generation,code_agent,True,0.778,False,,1.8,0,0.0,0.00019125,801,0.0,1,,qwen2.5-coder:7b,True,DeepEval GEval (0.778),"The SQL query correctly joins the orders and customers tables on customer_id, filters records for the year 2026, groups results by country, and orders the output by total amount in descending order. However, it uses a simpler date filter (YEAR function) instead of the more precise range filter specified in the expected output, which slightly reduces its accuracy in terms of date handling."
2026-08-25 03:20:39,v2_local,qwen2.5:3b,specialist,qwen2.5vl:3b,C1,C - Planning,planning_agent,True,0.776,False,,17.21,0,0.0,0.0003081,1457,0.0,1,,qwen2.5:7b,True,DeepEval GEval (0.776),"The actual output effectively breaks down the goal into clear subtasks, covering all necessary steps such as reading CSV files, cleaning data, and generating a summary report. However, it includes additional steps like defining requirements and choosing tools, which, while useful, are not explicitly part of the expected output. The output is coherent and logically ordered, aligning well with the evaluation steps."
2026-08-25 03:20:39,v2_local,qwen2.5:3b,specialist,qwen2.5vl:3b,C2,C - Planning,planning_agent,True,0.791,False,,36.9,0,0.0,0.0003288,1553,0.0,2,,qwen2.5:7b,False,DeepEval GEval (0.791),"The response provides a comprehensive task breakdown that covers all four areas: backend, frontend, database, and testing. It logically follows the order of operations, addressing database changes after backend development and before frontend integration. However, while the output is detailed, it includes a deployment step that is not part of the expected output, which slightly detracts from its alignment with the expected tasks. Overall, it captures the essence of the expected output but introd"
2026-08-25 03:20:39,v2_local,qwen2.5:3b,specialist,qwen2.5vl:3b,C3,C - Planning,planning_agent,True,0.817,False,,45.83,0,0.0,0.00035565,1834,0.0,2,,qwen2.5:7b,False,DeepEval GEval (0.817),"The response provides a comprehensive and systematic investigation plan that closely aligns with the expected output. It logically sequences steps to gather information, analyze logs, and check resource usage, which reflects a structured approach. However, it lacks explicit correlation of failures by endpoint, worker process, and request payload as emphasized in the expected output, which slightly detracts from its completeness."
2026-08-25 03:20:39,v2_local,qwen2.5:3b,specialist,qwen2.5vl:3b,C4,C - Planning,planning_agent,False,0.486,False,,23.68,0,0.0,0.00027255,1253,0.0,2,,qwen2.5:7b,False,DeepEval GEval (0.486),"The response correctly assigns the Vision Agent first and the File Agent immediately after, aligning with the delegation sequence. However, it introduces a Document Agent for review, which is not part of the specified criteria, and the Code Agent is assigned twice, once for writing the patch and again for deployment, which deviates from the requirement of being the last agent in the sequence. This results in a partial alignment with the evaluation steps."
2026-08-25 03:20:39,v2_local,qwen2.5:3b,specialist,qwen2.5vl:3b,C5,C - Planning,planning_agent,True,0.777,False,,35.04,0,0.0,0.00033315,1543,0.0,2,,qwen2.5:7b,False,DeepEval GEval (0.777),"The Actual Output includes most essential components such as an API Gateway, Authentication Service, Database Layer, and Middleware, which align well with the Expected Output. However, it lacks explicit mention of an Auth middleware for token validation on protected routes, which is a critical aspect of user authentication. The presence of a User Management Service and detailed implementation steps adds value, but the absence of a clear mapping to the expected authentication mechanism slightly r"
2026-08-25 03:20:39,v2_local,qwen2.5:3b,specialist,qwen2.5vl:3b,D1,D - Document Processing,document_agent,True,0.856,False,,6.69,0,0.0,0.00020085,808,0.0,2,read_file|read_file,qwen2.5:3b,False,DeepEval GEval (0.856),"The actual output effectively summarizes key points about edge computing, including local processing, benefits like reduced latency and enhanced privacy, and challenges related to limited computational resources. It aligns closely with the input document's content and maintains conciseness, although it could be slightly more succinct to match the expected output format perfectly."
2026-08-25 03:20:39,v2_local,qwen2.5:3b,specialist,qwen2.5vl:3b,D2,D - Document Processing,document_agent,True,0.819,False,,15.15,0,0.0,0.0002568,1121,0.0,2,read_file|write_file|read_file|write_file,qwen2.5:3b,False,DeepEval GEval (0.819),"The Actual Output includes all four required sections and provides accurate one-line summaries for each, reflecting key points such as growth in requests, incidents, cost savings, and Q3 priorities. However, it lacks specific details on spend growth and the availability target, which are present in the Expected Output, slightly affecting its completeness and alignment with the evaluation criteria."
2026-08-25 03:20:39,v2_local,qwen2.5:3b,specialist,qwen2.5vl:3b,D3,D - Document Processing,document_agent,False,0.358,False,,14.39,0,0.0,0.000231,949,0.0,2,read_file|read_file|write_file|read_file|write_file|write_file,qwen2.5:3b,False,DeepEval GEval (0.358),"The response includes 'NorthBridge Software Ltd' but fails to mention 'Sarah Okafor' and does not list all specified dates, specifically missing 'August 2026' and incorrectly including 'Q2 2026', 'Q1', and 'Q3 2026'. Additionally, it only includes one monetary figure (£142,000) instead of both required figures (£142,000 and £8,500)."
2026-08-25 03:20:39,v2_local,qwen2.5:3b,specialist,qwen2.5vl:3b,D4,D - Document Processing,document_agent,True,1.0,False,,1.66,0,0.0,0.00021405,854,0.0,1,read_file,qwen2.5:3b,True,DeepEval GEval (1.0),"The response fully aligns with the evaluation steps. The Input specifies a frequency of up to 3 days per week for remote work, which is correctly reflected in the Actual Output. The requirement to report lost equipment within 24 hours to IT Security is also met, and the core hours of 10:00 to 16:00 local time are accurately stated. All components are consistent with the criteria outlined in the document."
2026-08-25 03:20:39,v2_local,qwen2.5:3b,specialist,qwen2.5vl:3b,D5,D - Document Processing,document_agent,True,0.905,False,,4.86,0,0.0,0.0001941,790,0.0,2,read_file|read_file,qwen2.5:3b,False,DeepEval GEval (0.905),"The Actual Output correctly classifies the document as an HR policy and provides a strong justification by referencing specific elements such as eligibility criteria, equipment provisions, and security measures. However, it could be slightly improved by explicitly mentioning 'company rules' to align more closely with the Expected Output's phrasing."
2026-08-25 03:20:39,v2_local,qwen2.5:3b,specialist,qwen2.5vl:3b,E1,E - Multimodal,multimodal_agent,True,0.635,False,,8.92,0,0.0,0.00025845,1174,0.0,1,,qwen2.5vl:3b,,DeepEval GEval (0.635),"The Actual Output correctly identifies the error related to the command 'la' not being recognized, which aligns with the Expected Output. However, while it provides several actionable suggestions, some of the advice is generic and lacks specificity to the error, such as checking environment variables and consulting documentation. The suggested fix does not directly mention using 'ls' or 'Get-ChildItem -Force', which are specific solutions provided in the Expected Output."
2026-08-25 03:20:39,v2_local,qwen2.5:3b,specialist,qwen2.5vl:3b,E2,E - Multimodal,multimodal_agent,True,0.681,False,,3.5,0,0.0,0.0002262,950,0.0,1,,qwen2.5vl:3b,,DeepEval GEval (0.681),"The response correctly identifies the tallest bar as Rich spending on Food, which aligns with the evaluation steps. However, it incorrectly states that the Rich class spends the most on housing, which contradicts the requirement that the Poor class should have the highest spending in that category. The description of spending patterns is accurate and adds value, but the critical error regarding housing spending affects the overall score."
2026-08-25 03:20:39,v2_local,qwen2.5:3b,specialist,qwen2.5vl:3b,E3,E - Multimodal,multimodal_agent,True,0.703,False,,7.92,0,0.0,0.0003219,1597,0.0,1,,qwen2.5vl:3b,,DeepEval GEval (0.703),"The output correctly identifies that the diagram compares v1 and v2 builds and lists the components of each build. However, it lacks explicit mention of the three-layer structure and does not adequately highlight the agent-to-agent links, which are crucial for a balanced comparison. While it discusses key differences, it could improve by explicitly stating the three-layer architecture and ensuring a more comprehensive focus on both builds."
2026-08-25 03:20:39,v2_local,qwen2.5:3b,specialist,qwen2.5vl:3b,E4,E - Multimodal,multimodal_agent,True,0.998,False,,3.29,0,0.0,0.00024285,1082,0.0,1,,qwen2.5vl:3b,,DeepEval GEval (0.998),"The CSV output matches the expected format perfectly, with exactly seven columns and ten student entries. Each cell value corresponds accurately to the values in the expected output, with no transposed columns or misread numbers. The overall format is clean, with no extraneous comments or formatting issues."
2026-08-25 03:20:39,v2_local,qwen2.5:3b,specialist,qwen2.5vl:3b,E5,E - Multimodal,multimodal_agent,True,0.557,False,,6.16,0,0.0,0.0002988,1371,0.0,1,,qwen2.5vl:3b,,DeepEval GEval (0.557),"The response correctly identifies the exception type as KeyError and notes that it occurs at line 15 in the quarter_total function. However, it fails to specify that the missing 'q4' entry for the 'west' region in SALES_DATA is the true underlying cause, instead suggesting a more general issue with the region name. While it provides a valid fix by checking for the key's presence, it does not address the specific missing data issue as outlined in the expected output."
2026-08-25 03:20:39,v2_local,qwen2.5:3b,specialist,qwen2.5vl:3b,F1,F - Ambiguous,file_agent,True,0.913,False,,25.29,0,0.0,0.0002688,1198,0.0,2,read_file|read_file,qwen2.5:7b,False,DeepEval GEval (0.913),"The output provides a clear interpretation of the failure, identifying specific issues with the cache service and payment processing. It effectively summarizes relevant log entries and suggests plausible next steps for investigation. The assumptions regarding the impact of the cache service on payment processing are implied but not explicitly stated, which slightly detracts from clarity. Overall, the response is coherent and addresses the ambiguity of the request well, offering actionable insigh"
2026-08-25 03:20:39,v2_local,qwen2.5:3b,specialist,qwen2.5vl:3b,F2,F - Ambiguous,code_agent,True,0.938,False,,8.25,0,0.0,0.00019035,795,0.0,1,,qwen2.5-coder:7b,True,DeepEval GEval (0.938),"The Actual Output effectively transforms the original function into a list comprehension, enhancing readability and following idiomatic Python practices. The functionality remains unchanged, as it still filters out None and non-positive values while doubling the positive numbers. However, it lacks comments or documentation explaining the changes made during the cleanup, which would have provided additional clarity."
2026-08-25 03:20:39,v2_local,qwen2.5:3b,specialist,qwen2.5vl:3b,F3,F - Ambiguous,planning_agent,True,0.903,False,,29.57,0,0.0,0.0002688,1312,0.0,2,,qwen2.5:7b,False,DeepEval GEval (0.903),"The output provides a comprehensive and structured plan that effectively addresses the vague input request. It outlines clear steps to define the project scope, assess the current state, and prioritize tasks, which aligns well with the evaluation steps. However, it lacks explicit clarifying questions to further refine the request, which prevents it from achieving a perfect score."
2026-08-25 03:20:39,v2_local,qwen2.5:3b,specialist,qwen2.5vl:3b,F4,F - Ambiguous,document_agent,True,0.81,False,,21.15,0,0.0,0.0002253,1010,0.0,2,read_file|read_file,qwen2.5:3b,False,DeepEval GEval (0.81),"The response effectively identifies specific issues, such as the reliability metric falling short of the target and notable incidents affecting database operations. It provides a clear interpretation of these issues, suggesting monitoring and further investigation. Additionally, it highlights a legitimate cost optimization opportunity, demonstrating a thorough analysis of the report. However, the summary could be perceived as somewhat vague regarding the urgency of the identified issues, which s"
2026-08-25 03:20:39,v2_local,qwen2.5:3b,specialist,qwen2.5vl:3b,F5,F - Ambiguous,document_agent,True,0.883,False,,17.74,0,0.0,0.00021645,906,0.0,2,read_file|read_file,qwen2.5:3b,False,DeepEval GEval (0.883),"The response effectively identifies and summarizes key themes such as eligibility limits, security obligations, and core hours, which are central to the Remote Working Policy. It prioritizes these themes over less relevant information and provides a clear rationale for the selection of important elements. The output avoids reproducing the entire document and focuses on critical aspects, demonstrating strong alignment with the evaluation steps."
2026-08-25 03:20:39,v2_local,qwen2.5:3b,specialist,qwen2.5vl:3b,G1,G - Complex Multi-Step,file_agent,True,0.819,False,,40.27,0,0.0,0.00032595,1480,0.0,2,list_files|read_file|read_file|read_file|list_files|read_file|read_file|read_file,qwen2.5:7b,True,DeepEval GEval (0.819),"The response effectively identifies the REINDEX operation as the root cause and explains the cascading failures across the services. It details the lock's impact on the connection pool and the subsequent timeouts in the order-service, leading to 502 errors in the API gateway. However, it lacks a precise timestamp for when the REINDEX operation finished, which is mentioned in the expected output, slightly reducing its alignment with the evaluation steps."
2026-08-25 03:20:39,v2_local,qwen2.5:3b,specialist,qwen2.5vl:3b,G2,G - Complex Multi-Step,planning_agent,True,0.581,False,,20.03,0,0.0,0.0002928,1328,0.0,2,,qwen2.5:7b,False,DeepEval GEval (0.581),"The Actual Output covers the decomposition of the feature into subtasks across backend, frontend, database, and testing, but it lacks clarity in the dependency relationships. While some dependencies are articulated, they do not fully align with the Expected Output's structure, particularly in the order and completeness of tasks. For instance, the Expected Output emphasizes the creation of a users table as a foundational step, which is not clearly prioritized in the Actual Output. Additionally, t"
2026-08-25 03:20:39,v2_local,qwen2.5:3b,specialist,qwen2.5vl:3b,G3,G - Complex Multi-Step,code_agent,True,,False,,7.14,0,0.0,0.0,0,0.0,1,,qwen2.5-coder:7b,True,automated (exec + function defined),
2026-08-25 03:20:39,v2_local,qwen2.5:3b,specialist,qwen2.5vl:3b,G4,G - Complex Multi-Step,file_agent,False,0.385,False,,22.56,0,0.0,0.00028665,1260,0.0,2,list_files|read_file|list_files|read_file,qwen2.5:7b,False,DeepEval GEval (0.385),"The Actual Output identifies the `publish` and `aggregate` stages as potential culprits but fails to correctly pinpoint the enrich stage as the origin of the NULLs, which is a critical oversight. While it discusses the impact of NULL values on revenue calculations and suggests filtering out these rows, it does not propose a validation gate for NULL-country thresholds as indicated in the Expected Output. Additionally, it does not adequately address the issue of the `OK` status obscuring the failu"
2026-08-25 03:20:39,v2_local,qwen2.5:3b,specialist,qwen2.5vl:3b,G5,G - Complex Multi-Step,file_agent,True,0.911,False,,31.39,0,0.0,0.0003138,1417,0.0,2,list_files|read_file|read_file|read_file|list_files|read_file|read_file|read_file,qwen2.5:7b,False,DeepEval GEval (0.911),"The Actual Output effectively identifies the relationship between the 502 spike and the DB pool exhaustion, explaining how the configuration values contributed to the issue. It connects the inputs by detailing the impact of the pool size and timeout settings on the service's ability to process requests. The recommendation to increase the pool size is justified with clear reasoning about the current configuration's limitations. However, it could have further emphasized the interconnectedness of t"
2026-08-25 03:20:39,v2_local,qwen2.5:3b,specialist,qwen2.5vl:3b,G6,G - Complex Multi-Step,document_agent,True,0.919,False,,21.35,0,0.0,0.0003645,1587,0.0,2,read_file|read_file,qwen2.5:3b,False,DeepEval GEval (0.919),"The response effectively references the January 2025 runbook as outdated and correctly identifies the June 2026 post-mortem as the authoritative source. It explicitly states that Alice's plan is UNSAFE due to her reliance on the outdated runbook and the rollback from a 4.2-or-later release to 4.1. Additionally, it provides a corrected procedure that aligns with the directives from the post-mortem, ensuring it resolves the conflict rather than merely summarizing the documents."
2026-08-25 03:20:39,v2_local,qwen2.5:3b,specialist,qwen2.5vl:3b,G7,G - Complex Multi-Step,file_agent,False,0.206,False,,47.4,0,0.0,0.00029295,1425,0.0,2,list_files|read_file|read_file|write_file|list_files|read_file|read_file,qwen2.5:7b,False,DeepEval GEval (0.206),"The Actual Output incorrectly identifies the datasets as related problems despite clear evidence suggesting they are independent. The analysis of the metrics CSV indicates issues with the 'api' service, while the ETL log shows no errors and a different timeline, indicating separate systems. The conclusion fails to recognize the distinct failure signatures and overlapping time periods, leading to a misleading correlation."
2026-08-25 03:20:39,v2_local,qwen2.5:3b,specialist,qwen2.5vl:3b,G8,G - Complex Multi-Step,code_agent,False,,False,,24.39,0,0.0,0.0,0,0.0,2,,qwen2.5-coder:7b,False,automated (exec failed: ),
2026-08-25 03:20:39,v2_local,qwen2.5:3b,specialist,qwen2.5vl:3b,H1,H - Chained Multi-Agent,file_agent,True,0.812,False,,13.31,0,0.0,0.00029745,1332,0.0,2,list_files|read_file,qwen2.5:7b|qwen2.5-coder:7b,,DeepEval GEval (0.812),"The Actual Output correctly identifies the missing 'q4' entry in the 'west' region as a potential issue and provides a corrected script that uses the `get` method to handle missing data. However, it lacks explicit mention of the KeyError and does not directly address the specific error-handling advice related to the identified data gap, which could enhance clarity. Overall, it effectively connects the Input to the Expected Output by ensuring the script runs without errors."
2026-08-25 03:20:39,v2_local,qwen2.5:3b,specialist,qwen2.5vl:3b,H2,H - Chained Multi-Agent,file_agent,False,0.359,False,,25.49,0,0.0,0.00025515,1053,0.0,3,list_files|read_file,qwen2.5:7b|qwen2.5-coder:7b,,DeepEval GEval (0.359),"The Actual Output identifies some error events, but it fails to include all specified errors from the Input, particularly missing the cache connection failure. Additionally, the count of errors for the 08:00 hour is incorrect, as the Expected Output suggests there should be 4 or 5 errors, while the Actual Output states there are only 3. The output also does not clarify if it is based solely on processed data, which is a requirement."
2026-08-25 03:20:39,v2_local,qwen2.5:3b,specialist,qwen2.5vl:3b,H3,H - Chained Multi-Agent,document_agent,False,0.0,False,,7.74,0,0.0,0.00020415,851,0.0,2,read_file,qwen2.5:3b|qwen2.5-coder:7b,,DeepEval GEval (0.0),"The Actual Output incorrectly states that no monetary figures were found, which contradicts the Expected Output that specifies a total spend of GBP 142,000 and projected savings of GBP 8,500. Therefore, it fails to meet all evaluation steps, including the extraction of figures and the calculation of the percentage of savings."
2026-08-25 03:20:39,v2_local,qwen2.5:3b,specialist,qwen2.5vl:3b,H4,H - Chained Multi-Agent,file_agent,False,0.478,False,,51.36,0,0.0,0.00034545,1574,0.0,2,list_files|read_file|read_file|read_file,qwen2.5:7b,,DeepEval GEval (0.478),"The Actual Output identifies several relevant issues such as timeouts and connection pool exhaustion, but it fails to mention the scheduled REINDEX operation that directly caused the blocking of order-service workers. While the remediation plan includes useful steps like optimizing database queries and increasing connection pool size, it does not specifically address the need to schedule reindex operations during low-traffic periods or use concurrent reindexing, which are critical to preventing "
